{"generals":{"name":"Import BrainStrom Protocol to BC-VARETA Format","version":"v.01","version_date":"19-12-2019","version_number":1,"test_data_url":"","url_check":"","base_url":""},"run_bash_mode":{"description":"HPC-option","value":true},"matlab_runtime":{"mac":"http://ssd.mathworks.com/supportfiles/downloads/R2018b/deployment_files/R2018b/installers/maci64/MCR_R2018b_maci64_installer.dmg.zip","win":"http://ssd.mathworks.com/supportfiles/downloads/R2018b/deployment_files/R2018b/installers/win64/MCR_R2018b_win64_installer.exe","linux":"http://ssd.mathworks.com/supportfiles/downloads/R2018b/deployment_files/R2018b/installers/glnxa64/MCR_R2018b_glnxa64_installer.zip"},"selected_data_format":{"description":"DataSet number on the list","value":"1"},"BCV_work_dir":"D:\\Test\\BCV_work_dir"}