{"1":{"id":1,"name":"BrainStorm","description":"","bst_db_path":"C:\\Users\\Ariosky\\.brainstorm\\local_db\\HeadModel_CHBM_0","preprocessed_eeg":{"path":"E:\\OneDrive - Neuroinformatics Collaboratory\\CHBM\\eeg","file_location":"eeg\\SubID_task-protmap_eeg.edf","format":"edf"}},"6":{"id":"after_MaQC","name":"HeadModel_After_Manual_QC","description":"","function":"protocol_headmodel_after_MaQC","bst_db_path":"F:\\Part 1","MaQC_report_file":"D:\\Develop\\BrainStorm_Protocol\\app\\MaQC_Report_788.json","eeg_data_path":"none","bcv_input_path":"E:\\OneDrive - Neuroinformatics Collaboratory\\CMI\\BC-VARETA","preprocessed_eeg":{"path":"none","file_location":"none","format":"none"},"tmp_path":"local","report_output_path":"local","use_raw_data":true}}